음 식 명,중량(g),에너지(kcal),탄수화물(g),당류(g),지방(g),단백질(g),칼슘(mg),인(mg),나트륨(mg),칼륨(mg),마그네슘(mg),철(mg),아연(mg),콜레스테롤(mg),트랜스지방(g)
쌀밥,210.0,334.79999999999995,73.71000000000001,0.0,0.44999999999999996,5.76,3.5999999999999996,126,59.400000000000006,146.7,-,0.36,1.35,0.0,0
기타잡곡밥,200.0,302.362,65.52109999999999,0.0,0.7462,6.7092,12.059999999999999,117.836,3.3919999999999995,166.718,6.9,1.7447000000000001,1.8264,0.0,0
콩밥,200.0,322.90000000000003,65.846,0.0,1.6660000000000001,8.427999999999999,24.7,126.9,4.1,258.4,22.5,1.7400000000000002,1.6099999999999999,0.0,0
보리밥,200.0,316.1,70.57,0.0,0.14,5.55,6.699999999999999,68.8,4.5,100.6,0,1.2600000000000002,1.41,0.0,0
돌솥밥,350.0,528.855,101.85,0.0,8.347000000000001,10.187,61.455,193.72,618.3149999999999,624.3199999999999,57.785000000000004,3.3209999999999997,2.582,2.365,0
현미밥,230.0,351.35,77.8771,0.0,1.1021,6.6575999999999995,6.006,178.279,42.079,209.326,0,1.0507,1.6518000000000002,0.0,0
흑미밥,200.0,318.0,70.28999999999999,0.0,0.39,5.4399999999999995,6.3,98.6,4.5,112.9,0,1.29,1.3499999999999999,0.0,0
감자밥,200.0,308.0,68.64,0.0,0.08,5.68,6.4,86.8,5.2,267.6,9.2,1.36,1.4,0.0,0
곤드레밥,350.0,506.8,108.05199999999999,0.0,8.372,14.14,30.324,95.47999999999999,88.753,815.9235000000001,22.400000000000002,1.8760000000000001,1.7779999999999998,0.0,0
김치볶음밥,500.0,656.98,79.29000000000002,3.996,5.06,8.739999999999998,35.89,182.12,1094.91,305.71,1.92,1.06,1.85,76.0,0
주먹밥,150.0,209.56,36.18000000000001,0.0,3.463,6.703,85.43200000000002,151.23000000000002,329.69,179.326,0,0.6970000000000001,0.804,50.13,0
볶음밥,400.0,687.744,100.328,0.0,19.29,24.458,58.42,414.66,1441.42,578.88,14.98,3.294,3.445,309.0,0
일반비빔밥,500.0,702.996,95.68336363600001,3.44,25.283909091,22.595090909,96.79599999999999,289.33,1234.0880000000002,742.508,55.8,4.754363635999999,4.159818182,40.2,0
전주비빔밥,450.0,662.192,92.98948756,3.44,13.033502488,15.843492536999998,65.03999999999999,236.12099999999995,1281.3020000000001,450.114,10.839,3.23500995,2.863487562,286.943,0
삼선볶음밥,400.0,683.617,113.42848756000001,5.093999999999999,16.842502488,19.258492537,119.37299999999999,249.10999999999999,1155.8060000000003,640.9730000000001,29.669999999999998,4.52400995,3.569487562,119.13,0
새우볶음밥,400.0,634.52,91.62000000000002,0.0,17.905,24.114999999999995,81.82000000000001,341.29999999999995,1124.628,710.655,17.68,4.145666666666667,2.817606060333333,127.2,0
알밥,400.0,606.54,92.10000000000001,0.0,3.45,15.16,68.6,235.40000000000003,1647.8660000000002,510.41,7.4,3.5599999999999996,3.3000000000000003,39.0,0
산채비빔밥 ,400.0,495.89000000000004,89.6601645,0.52,10.9935671,10.663298700999999,63.099999999999994,160.294,1060.7779999999998,509.952,38.808,3.526268398,2.053437229,0.0,0
오므라이스,450.0,684.986,101.62116449999999,0.0,19.751567100000003,23.145298700999998,81.556,341.25699999999995,1123.236,788.3779999999999,33.71,4.132601730999999,3.6659978349999998,605.625,0
육회비빔밥,450.0,661.41,91.74216450000004,2.58,17.5395671,32.001298701,86.38,404.74000000000007,1126.6,793.74,33.58,5.968268398,6.529437228999999,241.65,0
해물볶음밥,400.0,659.23,85.19216449999999,0.0,23.709567099999997,22.681298700999996,77.49999999999999,305.55,951.0300000000001,555.3600000000001,24.199999999999996,4.128268398,3.079437229,362.40000000000003,0
열무비빔밥,400.0,445.65999999999997,90.0321645,1.72,3.1595671,12.991298701,91.05999999999999,167.96,718.39,708.68,1.29,3.9082683979999997,2.652164502,12.8,0
불고기덮밥,500.0,699.96,92.0921645,5.99,21.3995671,29.311298701,45.77000000000001,328.37000000000006,1182.8799999999999,764.5,30.22,4.248268398,8.772164501999999,72.0,0
소고기국밥,700.0,331.71,54.93,0.0,4.74,16.04,33.02,194.58,1613.2100000000003,485.21,-,3.61,2.31,25.5,0
송이덮밥,600.0,600.42,103.57,0.0,14.45,16.28,91.94,279.96,1578.85,1313.48,-,5.71,4.25,9.54,0
오징어덮밥,500.0,693.9799999999998,83.42800000000001,2.6879999999999997,20.92,40.589999999999996,76.77000000000001,586.8299999999998,1497.37,874.9599999999999,62.69,3.227,4.626,387.6,0
자장밥,500.0,729.6170000000001,98.078,4.0,24.949999999999996,25.758,81.90500000000002,297.11999999999995,1521.8500000000001,781.9300000000001,32.504,5.701,5.681999999999998,36.0,0
잡채밥,650.0,851.54,125.70000000000002,4.0,28.610000000000003,21.139999999999997,84.10999999999999,287.78,2251.34,817.0800000000002,32.55,4.829999999999999,5.895999999999999,36.0,0
잡탕밥,750.0,737.23,100.55000000000001,0.0,22.479999999999997,29.02,77.6,363.25000000000006,1922.1350000000004,803.73,15.649999999999999,4.859999999999999,6.223999999999999,188.05,0
장어덮밥,400.0,671.7199999999999,103.036424242,0.0,19.236181818,26.135818182,611.1199999999999,448.26,893.22,785.08,28.599999999999998,22.165575758,4.746,156.96,0
제육덮밥,500.0,796.94,95.8,5.4,27.52,37.8,46.04,573.7,1375.6899999999998,624.95,-,6.28,7.17,108.0,0
짬뽕밥,900.0,696.6878378,93.41573338,0.0,22.41699592,41.79552295,394.1657658,667.6127928,2869.53538288,1715.521081,-,11.59119369,5.569690154,304.3,0
순대국밥,900.0,690.3500000000001,34.229,0.0,16.478,17.338,132.855,239.255,3418.195,672.91,3.45,9.11,6.622,1480.97,0
카레라이스,500.0,653.24,92.576,0.0,10.667,13.398,27.9,218.24,1108.55,525.62,70.18,1.982,2.655,13.75,0
전주콩나물국밥,900.0,432.38,88.732,0.0,3.525,12.496,76.88,231.65,1753.2550000000003,525.79,67.79,2.384,2.368,2.77,0
해물덮밥,700.0,837.976,100.112,0.0,29.0,51.768,167.536,542.32,2117.832,1361.768,34.8,16.632,5.856,293.872,0
회덮밥,500.0,697.996,101.753,18.405,11.397,42.992,117.12,587.9400000000002,777.6299999999999,1131.3499999999997,6.98,3.900000000000001,2.672,125.59,0
소머리국밥,1100.0,891.4300000000002,77.05799999999999,0.0,40.76200000000001,48.943,53.254999999999995,302.425,970.8949999999999,455.78,24.665,1.8909999999999998,4.220000000000001,477.1,0
돼지국밥,1200.0,811.4399999999999,78.28399999999999,3.3,36.452999999999996,56.754999999999995,65.73,280.74,1257.67,497.83,57.14,42.954,43.665,734.4999999999999,0
하이라이스,360.0,477.6,84.591,0.0,9.669,7.92,5.94,139.95,991.68,251.61,6.6,0.546,1.506,8.574,0
김치김밥,250.0,377.26200000000006,71.80399999999999,0.0,4.619999999999999,11.449,79.06,220.2,967.7899999999998,413.85999999999996,3.5999999999999996,1.4620000000000002,1.9569999999999996,99.6,0
농어초밥,250.0,414.78000000000003,74.14399999999999,6.9719999999999995,2.367,19.925,54.125,273.49,1385.4599999999998,479.70000000000005,0,1.5765,1.6655,43.47,0
문어초밥,250.0,377.97,71.835,4.98,1.0300000000000002,16.904,30.200000000000003,256.61,1420.922,395.09000000000003,25.75,1.113,2.5229999999999997,96.0,0
새우초밥,250.0,395.54,69.54299999999999,2.988,1.206,22.737,73.38999999999999,341.13,1396.751,372.745,2.6,2.6189999999999998,2.1689999999999996,138.32999999999998,0
새우튀김롤,300.0,572.016,81.496,3.996,18.896,21.112000000000002,110.82000000000001,371.52000000000004,1512.5009999999997,715.82,0.24,3.4159999999999995,2.492,96.53999999999999,0
샐러드김밥,250.0,422.434,75.84150000000001,0.0,7.508,12.764000000000001,45.65850000000001,226.50950000000003,906.6774999999999,541.3279999999999,13.737499999999997,2.147,2.2404999999999995,100.5305,0
광어초밥,300.0,471.6640000000001,72.526,5.229,3.206,33.741499999999995,88.07100000000001,410.8865,951.2755,747.0895,1.4000000000000001,2.956,1.943,126.495,0
소고기김밥,250.0,425.6660000000001,76.07049999999998,0.0,6.636000000000001,14.671000000000001,64.3295,236.137,1477.9844999999998,553.9969999999998,12.5195,2.2725000000000004,2.6054999999999997,99.8725,0
갈비삼각김밥,100.0,183.18,32.745999999999995,0.0,2.5949999999999998,6.861000000000001,14.924999999999999,90.90299999999999,398.119,180.594,4.932,1.159,1.1720000000000002,12.42,0
연어롤 ,300.0,518.58,76.107,0.0,14.719000000000001,20.723,64.97300000000001,359.158,1243.818,665.561,23.577,3.8329999999999997,2.139,51.732000000000006,0
연어초밥,250.0,451.029,70.868,3.964,5.763,24.939999999999998,38.0255,367.082,995.03,476.129,0.796,1.6869999999999998,1.8739999999999999,54.6,0
유부초밥,250.0,463.21,78.47399999999999,6.765,11.231999999999998,12.366000000000001,120.18,225.59,929.0659999999998,291.498,27.275999999999996,2.108,2.137,0.0,0
장어초밥,400.0,486.34837000000005,74.84050999999998,2.0595,12.734900000000001,16.325039999999998,132.82813000000002,283.26887,1291.8050500000002,500.64180000000005,14.547500000000001,2.5158,2.39437,130.42722,0
참치김밥,250.0,401.224,47.553,0.0,14.586999999999998,19.825,57.80499999999999,279.82,925.7310000000001,380.32500000000005,15.629999999999999,4.523,1.9622,143.67000000000002,0
참치마요삼각김밥,100.0,189.582,31.933999999999997,0.0,2.889,8.11,6.98,82.82000000000001,189.10000000000002,69.275,0,1.591,0.7718,16.63,0
치즈김밥 ,250.0,462.2269,77.125,0.0,8.843,17.1226,137.52329999999998,330.23330000000004,919.9703,445.72310000000004,10.18,1.4263000000000001,2.5300000000000002,83.02000000000001,0
캘리포니아롤,300.0,468.16,81.22,0.0,9.73,12.8,106.58,211.89,1351.96,271.15,3.06,4.95,3.08,28.34,0
한치초밥,250.0,389.96,77.31,1.74,1.2,13.54,19.98,222.63,1153.49,182.25,1.65,1.86,2.54,0.75,0
일반김밥,200.0,348.87,63.636,0.0,5.424,10.276,41.45,159.43,951.3200000000002,355.38,3.24,3.398,1.906,69.12,0
간자장,650.0,807.7367999999999,121.74799999999998,6.7932,26.380599999999998,29.283200000000004,124.3488,308.08799999999997,2347.7712,607.1768000000001,21.247999999999998,7.059999999999999,2.6116,19.4344,0
굴짬뽕,900.0,640.774,115.816,1.998,7.759,37.39,196.77,506.59999999999997,2385.3450000000003,1371.885,48.86000000000001,14.281,10.337000000000003,178.2,0
기스면,1000.0,645.6099999999999,98.30199999999999,0.0,11.004000000000001,43.516999999999996,270.98,443.37,2279.5240000000003,862.721,11.6,12.271,3.133,341.1,0
김치라면,650.0,512.2552499999999,80.56555,2.27305,20.338500000000003,12.970749999999999,62.70224999999999,166.9395,2628.288,652.66825,1.4949999999999999,1.8239,1.2967499999999998,15.404999999999998,0
김치우동,800.0,512.712,99.064,0.0,4.736,16.744,247.856,233.552,3003.048,725.528,11.2,4.144,1.76,33.44,0
김치말이국수,600.0,310.37699999999995,60.75599999999999,2.997,2.469,10.418000000000003,105.79000000000002,190.999,2335.4480000000003,453.95699999999994,-,2.4259999999999997,1.434,22.23,0
닭칼국수,900.0,643.097,70.238,0.0,19.587000000000007,39.85900000000001,110.155,285.9659999999999,2492.774,913.479,5.7749999999999995,2.4510000000000005,1.6370000000000002,113.772,0
들깨칼국수,600.0,442.32199999999995,76.674,2.398,6.778,17.477,176.46699999999998,217.32,1695.7730000000001,693.3120000000001,0,2.452,1.075,16.72,0
떡라면,700.0,672.1799999999998,121.08300000000001,0.0,17.579000000000004,15.451,30.33,2376.0400000000004,2214.3559999999998,362.50999999999993,0.515,1.594,1.3485999999999998,2.344,0
라면,550.0,509.32800000000003,83.16800000000002,0.0,17.748,14.077000000000002,32.993,145.281,1695.5009999999997,374.069,0.97,1.226,1.1909999999999998,2.344,0
막국수,550.0,566.886,111.30199999999998,11.022,5.0874999999999995,26.9485,68.89600000000002,286.782,1828.021,894.768,19.550000000000004,3.9274999999999998,5.231,37.1,0
메밀국수,600.0,588.6750000000001,120.08700000000003,10.162,4.526999999999999,25.259000000000004,76.058,224.956,1962.4579999999996,629.1239999999998,11.48,3.2119999999999997,4.64,35.980000000000004,0
물냉면,800.0,579.71,96.40300000000002,1.199,9.779,28.784,87.735,422.72,2586.1597,1042.8850000000002,16.39,7.770999999999999,5.6895,178.225,0
비빔국수,550.0,577.17,114.475,11.014999999999999,9.549999999999999,16.705000000000002,130.69,262.575,1628.3000000000002,1389.395,7.55,6.27,2.59,0.0,0
비빔냉면,550.0,594.3100000000001,91.49200000000002,1.999,9.127999999999998,23.699,64.99000000000001,1186.2999999999997,1530.5699999999997,298.62,12.314,6.434,4.632,31.731,0
삼선우동,1000.0,692.2599999999999,89.195,1.999,10.527999999999999,56.1725,216.64000000000001,687.99,2351.4322,1527.995,68.7435,11.293,5.4695,640.675,0
삼선자장면,700.0,787.844,111.57,1.999,24.682,38.326,143.37,493.95000000000005,2791.1097,850.27,41.696,6.669,3.563,162.23999999999998,0
삼선짬뽕,900.0,629.1000000000001,89.31099999999999,2.997,13.452,39.17,172.14000000000001,509.59999999999997,2825.6600000000003,1501.7799999999997,-,9.818999999999999,4.368,249.3,0
수제비,800.0,622.148,99.21699999999998,0.0,6.5409999999999995,38.529,1054.841,907.2770000000002,1669.3157,1892.553,46.05,11.102,4.707999999999999,209.0,0
쌀국수,600.0,321.33500000000004,46.19799999999999,2.198,5.814,21.848000000000003,45.016000000000005,184.223,2032.165,360.68600000000004,48.04,3.2049999999999996,4.894000000000001,123.03,0
열무김치국수,800.0,488.32399999999996,81.61199999999998,0.0,8.223,21.935999999999996,341.36,295.98199999999997,2587.704,1125.83,1.1500000000000001,4.4479999999999995,1.7317999999999998,45.144,0
오일소스스파게티,400.0,626.5849999999999,99.24400000000001,0.0,16.585,14.675,37.370000000000005,52.555,968.6960000000001,218.39000000000001,0,3.007,2.3465000000000003,0.0,0
일식우동,700.0,420.79300000000006,81.226,0.5,1.739,16.935,88.548,155.031,1873.5439999999994,371.349,9.342,3.173,0.708,16.202,0
볶음우동,300.0,377.92,62.259,0.9084,10.809999999999999,9.584999999999997,50.25,93.80000000000001,1461.3100000000002,637.56,5.7299999999999995,2.073,1.0190000000000001,0.0,0
자장면,650.0,760.88275,134.2891,7.992,23.1648,15.739625,166.695875,302.55975,2446.9963749999997,1013.844,37.456,5.3252500000000005,1.406825,3.08,0
잔치국수,700.0,564.2339999999999,104.66499999999999,0.44,6.226000000000001,20.262,250.38199999999998,277.29900000000004,1792.2259999999999,904.1229999999999,3.553,3.773,1.903,167.409,0
짬뽕,1000.0,650.3059999999999,118.54399999999998,0.0,13.524999999999999,25.525,82.74100000000001,320.5969999999999,3451.3679999999995,857.4429999999999,32.800000000000004,4.604999999999999,3.5549999999999993,105.225,0
짬뽕라면,750.0,633.34,88.792,0.0,24.628,31.408000000000005,127.96000000000001,393.28000000000003,2380.926,1279.06,-,11.156,3.84,85.27999999999999,0
쫄면,450.0,622.4189999999999,110.852,22.13,6.932,12.358,140.025,304.89,1271.545,547.135,19.64,4.192,1.455,0.0,0
치즈라면,600.0,598.674,83.534,0.0,23.282,23.346999999999998,152.40900000000002,367.79299999999995,2425.9700000000003,652.327,-,3.0560000000000005,2.9929999999999994,302.2,0
콩국수,800.0,623.5,67.116,0.999,20.433000000000003,47.802,227.94,591.0600000000001,875.8390999999999,1343.71,0,8.579999999999998,5.327,0.0,0
크림소스스파게티,400.0,825.0615000000001,85.87595000000002,0.0,45.39685000000001,19.442750000000004,233.3296,333.992,1025.2077000000002,916.2121,-,3.2619000000000002,2.55225,140.14550000000003,0
토마토소스스파게티,500.0,642.1776000000001,102.07200000000002,0.0,17.3664,20.222399999999997,97.17599999999999,220.68959999999998,1404.8111999999999,1651.2959999999998,-,5.0928,3.3888,12.648,0
해물칼국수,900.0,621.1973999999999,124.20989999999999,0.0,4.0107,24.873299999999997,150.04889999999997,332.5052999999999,2195.0534999999995,887.2172999999999,-,10.544400000000001,2.1228,156.77399999999997,0
회냉면,550.0,638.902,131.8955,22.728749999999998,8.777999999999999,20.218000000000004,122.045,306.78999999999996,1524.2755,1374.1474999999998,-,6.093999999999999,3.1405,92.895,0
떡국,800.0,714.9869,144.02990000000003,0.0,5.386700000000001,21.862199999999998,222.52300000000002,362.3531,2019.2821000000001,610.3986,-,4.515200000000001,4.1334,90.802,0
떡만둣국,700.0,625.347,113.9604,0.0,9.3978,22.721700000000002,150.6477,289.7448,1999.1163000000001,949.8609,-,3.7604999999999995,3.2361000000000004,298.81140000000005,0
짜장라면,250.0,409.375,63.77499999999999,0.0,14.850000000000001,12.0125,63.625,166,1276.375,490.25,-,1.625,0.835,1.5,0
고기만두,250.0,454.38500000000005,55.325,0.0,18.244999999999997,18.6575,121.6375,234.63750000000002,888.8000000000002,767.3375000000001,-,4.1899999999999995,3.09,21.0,0
군만두,250.0,684.4199999999998,76.17,0.0,31.174999999999997,19.772499999999997,53.37750000000001,281.61749999999995,983.7025000000001,595.0325,-,4.85,2.6574999999999998,36.0,0
김치만두,250.0,424.64240000000007,60.7932,0.0,13.096200000000001,18.4314,91.73060000000002,271.1773999999999,961.9740000000002,1181.7676000000004,-,5.5406,2.8157999999999994,20.28,0
물만두,120.0,158.05255,20.484949999999998,0.0,5.842,5.8580999999999985,27.602299999999996,81.85815,269.51974999999993,259.70910000000003,-,1.4213999999999998,0.7865999999999997,7.589999999999999,0
만둣국,700.0,432.621,53.276999999999994,0.0,14.924000000000001,19.243000000000002,163.289,300.748,2356.6689999999994,1202.8380000000002,-,5.0329999999999995,2.135,94.22,0
게살죽,800.0,554.2379999999999,103.5906,0.0,7.6259999999999994,18.146600000000003,159.9984,235.90579999999997,1533.9576,857.0639999999997,-,7.4948,3.3045999999999998,40.86879999999999,0
깨죽,800.0,505.67750000000007,71.13100000000001,0.0,18.940600000000003,13.429400000000001,407.8786,262.363,1212.2731000000003,186.59230000000002,-,6.3163,5.071300000000001,0.0,0
닭죽,1000.0,1181.71,92.53000000000003,0.0,48.17999999999999,75.93,116.55,584.82,789.79,1290.9699999999998,-,9.84,5.55,271.44,0
소고기버섯죽,800.0,573.2374,102.9346,0.0,6.461599999999999,20.524599999999996,31.2502,288.7629999999999,1263.6199999999997,504.505,-,2.1975999999999996,4.329599999999999,29.314999999999998,0
어죽,800.0,559.2741,90.46730000000001,0.0,6.0753,15.530899999999999,368.79150000000004,369.06100000000004,1621.2897000000003,450.21130000000005,-,4.8279,3.1261999999999994,75.768,0
잣죽,700.0,872.6080000000001,153.7851,0.0,20.2943,15.791900000000002,15.3296,196.779,850.6253,296.542,-,4.2277000000000005,4.5225,0.0,0
전복죽,800.0,587.2914000000001,105.0365,0.0,11.454,14.574800000000002,75.2312,269.7085,1423.9314000000004,405.9032,-,2.3157,2.5315000000000007,45.15200000000001,0
참치죽,800.0,658.4603999999999,105.9396,0.0,13.8528,26.083199999999998,63.7806,341.2812,1264.146,851.6508000000001,-,4.9842,2.5427999999999997,40.754999999999995,0
채소죽,800.0,514.8324,100.79520000000001,0.0,5.1294,11.8939,227.2623,290.18460000000005,1211.6340000000002,1377.6339999999998,-,2.7307000000000006,2.5149000000000004,24.285800000000002,0
팥죽,600.0,482.65200000000004,100.74000000000001,4.7940000000000005,0.564,20.592,90.99600000000001,76.74000000000001,1026.114,940.818,-,6.03,5.154,0.0,0
호박죽,600.0,430.326,111.40800000000002,25.776000000000003,0.72,8.112,18.174,165.35999999999999,911.7180000000001,1858.9019999999998,-,1.98,2.58,0.0,0
콘스프,400.0,280.482,35.372,0.0,14.016,5.822,-,-,1319.462,-,-,-,-,40.706,0
토마토스프,400.0,382.4119999999999,12.418000000000001,0.0,25.402,18.200000000000003,-,-,1544.308,-,-,-,-,70.8,0
굴국,450.0,194.4225,11.443499999999998,0.0,8.649000000000003,22.8015,270.96750000000003,400.9725,1775.9700000000003,759.1500000000001,-,5.724,13.612500000000002,45.0,0
김치국,450.0,85.9995,13.005,0.0,3.375,6.0345,111.34800000000001,144.8775,1646.1495000000002,580.185,-,1.917,1.1744999999999999,0.0,0
달걀국,450.0,193.04099999999997,5.350499999999999,0.0,11.110500000000002,16.1865,65.74950000000001,225.2025,1263.9645,229.572,-,2.0835,1.809,641.25,0
감자국,700.0,220.07299999999998,37.00899999999999,0.0,2.163,16.996,466.57800000000003,462.5949999999999,1734.152,1855.315,-,5.334,2.695,87.78,0
미역국,500.0,50.16499999999999,4.694999999999999,0.0,4.35,2.7000000000000006,112.69499999999998,43.92,1527.55,658.7149999999999,-,1.1099999999999999,0.44500000000000006,0.0,0
바지락조개국,550.0,159.247,8.5085,0.0,1.8425,25.828,168.949,388.48699999999997,1650.847,580.0629999999999,-,29.463500000000003,2.299,145.2,0
소고기무국,400.0,125.22400000000002,8.136,0.0,4.715999999999999,13.512000000000002,60.644,131.52800000000002,1095.184,662.8320000000001,-,3.988,1.7120000000000002,28.56,0
소고기미역국,650.0,154.9275,6.909500000000001,0.0,6.825000000000001,20.228,123.38300000000001,207.12900000000002,2006.8749999999998,912.73,-,3.5685,6.0645,41.34,0
순대국,800.0,550.6639999999999,22.816000000000006,0.0,32.93599999999999,41.224000000000004,125.03200000000001,208.52800000000002,1532.5919999999999,592.3439999999999,-,10.791999999999998,4.416,774.7679999999999,0
어묵국,600.0,252.09000000000006,37.164,0.0,4.2059999999999995,22.854,599.2500000000001,468.036,2022.7440000000001,1696.2660000000003,-,6.774,2.7720000000000002,100.368,0
오징어국,500.0,169.03499999999997,10.595,0.0,2.3549999999999995,27.740000000000006,81.87,409.095,1573.4199999999998,810.7100000000002,-,2.3449999999999998,2.7449999999999997,296.4,0
토란국,250.0,462.97,85.16,0.0,7.0725,23.8875,318.34749999999997,465.3675,700.6700000000001,2625.1849999999995,-,5.645,2.6925,37.724999999999994,0
탕국,250.0,94.23750000000001,2.575,0.0,4.32,12.0775,286.0475,220.635,663.0474999999999,250.61249999999998,-,3.5975,1.27,35.475,0
홍합미역국,650.0,168.883,14.131,0.0,6.4285,19.987499999999997,289.38,226.2845,2066.272,1549.6845,-,11.095500000000001,3.0094999999999996,79.625,0
황태해장국,600.0,184.224,6.389999999999999,0.0,7.218000000000001,25.212,156.40200000000002,314.214,1526.8200000000002,661.332,-,2.1900000000000004,1.002,91.608,0
근대된장국,450.0,109.2645,8.136,0.0,3.2129999999999996,15.309,621.1035,436.374,1453.1940000000002,1211.004,-,6.12,2.367,112.85999999999999,0
미소된장국,150.0,37.966499999999996,1.6949999999999998,0.0,1.7459999999999998,4.1385,98.5845,88.75050000000002,511.98,156.73049999999998,-,1.3784999999999998,0.5414999999999999,15.674999999999999,0
배추된장국,700.0,121.53399999999998,11.039,0.0,3.6259999999999994,13.958,103.803,172.074,2321.4800000000005,771.841,-,3.528,4.542999999999999,25.97,0
뼈다귀해장국 ,1000.0,715.9799999999999,29.71,0.0,45.370000000000005,53.629999999999995,239.70999999999998,412.34000000000003,3093.6,1676.5600000000002,-,5.57,5.22,216.23999999999998,0
선지(해장)국,1000.0,314.42,22.29,0.0,5.029999999999999,48.099999999999994,84.31,105.25,3053.19,684.1,-,106.23999999999998,13.759999999999998,149.60000000000002,0
콩나물국,400.0,22.529999999999998,1.2610000000000001,0.0,1.4220000000000002,1.8219999999999998,33.49,44.86,752.425,82.798,8.515,0.47900000000000004,0.24999999999999997,7.41,0
시금치된장국,400.0,121.448,9.896,0.0,3.3880000000000003,16.688,624.972,444.756,1381.248,1324.5800000000002,-,7.275999999999999,2.596,117.04,0
시래기된장국,450.0,99.12149999999997,10.683000000000002,0.0,2.5425,10.017,392.8275,223.41599999999997,1535.6295,484.551,-,4.401000000000001,1.9754999999999996,37.62,0
쑥된장국,450.0,117.315,17.165499999999998,0.0,2.5520000000000005,13.211,502.7385,317.042,1799.6,1434.7189999999998,-,5.9455,1.8259999999999996,68.97,0
아욱된장국,450.0,103.52699999999999,9.963,0.0,2.9385,11.997,292.986,262.602,1462.1265,850.8285,-,4.1355,1.8224999999999998,37.62,0
우거지된장국,450.0,85.97250000000001,13.716,0.0,1.8135000000000001,6.444,89.30250000000001,122.0625,1593.99,611.8425,-,1.5074999999999998,1.4354999999999998,0.0,0
우거지해장국,600.0,158.496,14.856399999999999,0.0,5.725200000000001,14.1856,103.792,237.17200000000003,1972.0879999999997,664.716,-,3.2396,2.4492000000000003,13.26,0
우렁된장국,500.0,245.275,21.189999999999998,0.0,7.049999999999999,24.72,2105.3,270.92499999999995,2150.425,745.05,-,11.110000000000001,5.035,22.95,0
갈비탕,600.0,240.39600000000002,8.208,0.0,14.333999999999998,18.672,55.314,204.57000000000002,1688.43,556.9140000000001,-,2.6400000000000006,4.061999999999999,189.84,0
감자탕,900.0,963.7085000000001,49.6375,0.9006,58.2825,60.553,628.4820000000001,767.8374999999999,2439.3815,2414.8999999999996,-,6.688,8.075,143.6875,0
곰탕,300.0,181.41599999999997,15.498000000000001,0.0,5.436000000000001,16.593,43.095,148.33800000000002,713.6429999999999,425.652,-,3.8850000000000007,1.971,33.660000000000004,0
매운탕,600.0,402.792,18.828,1.548,21.564000000000004,37.164,118.30199999999999,437.088,2130.9539999999997,1522.5,-,3.3299999999999996,2.616,148.77,0
꼬리곰탕,700.0,750.6948000000001,10.934400000000002,0.0,52.80270000000001,54.86630000000001,96.7748,552.8103,764.7313,817.9561,-,6.3851,12.2409,361.2305,0
꽃게탕,600.0,240.65400000000002,20.772,0.0,5.49,31.703999999999997,273.9659999999999,443.04,2268.8579999999997,1369.6019999999999,-,8.639999999999997,8.322,207.89999999999998,0
낙지탕,600.0,186.102,11.766000000000002,0.0,2.7300000000000004,29.214000000000002,102.32399999999998,375.39000000000004,1711.1219999999998,910.2959999999999,-,3.2640000000000002,4.494,249.60000000000002,0
내장탕,700.0,549.808,13.699,0.0,31.506999999999998,56.973,268.47800000000007,559.426,2383.0730000000003,1241.5479999999998,-,12.922,14.231,467.03999999999996,0
닭곰탕,650.0,527.7025000000001,15.392,0.0,24.141000000000002,58.876999999999995,119.60650000000001,757.3799999999999,1005.1860000000001,1691.625,-,11.648000000000001,6.831499999999999,230.49,0
닭볶음탕,300.0,371.81100000000004,19.173,2.016,17.319000000000003,33.846000000000004,39.839999999999996,352.902,1030.455,638.994,-,2.7359999999999993,4.167000000000001,119.25,0
지리탕,600.0,260.59150000000005,10.5235,0.0,8.359,38.343500000000006,199.8425,475.8195,1685.164,1581.45,-,2.5804999999999993,1.8654999999999997,154.154,0
도가니탕,800.0,563.648,5.584,0.0,34.767999999999994,54.6,59.712,506.072,599.272,725.608,-,5.44,13.28,192.64,0
삼계탕,1000.0,881.3245,44.080000000000005,0.0,40.57449999999999,76.64600000000002,58.966499999999996,742.3679999999999,1211.3165,439.91650000000004,-,5.2725,9.613999999999999,285.0,0
설렁탕,600.0,422.76000000000005,10.937999999999999,0.0,18.203999999999997,52.709999999999994,86.91,449.84999999999997,725.1600000000001,432.48,-,4.103999999999999,22.224,219.36,0
알탕,700.0,424.125,49.522499999999994,14.850000000000001,6.9795,49.2075,114.42599999999999,790.9694999999999,2393.2860000000005,1469.8035000000002,-,7.339499999999999,3.946500000000001,610.7985000000001,0
연포탕,1000.0,541.19,21.64,0.0,9.2,91.65,366.68,1171.55,2307.0699999999997,2367.6000000000004,-,33.14000000000001,10.65,844.0,0
오리탕,600.0,480.822,24.156,1.032,21.636,43.21200000000001,89.10000000000001,478.584,1849.9260000000002,810.8580000000001,-,7.433999999999999,5.196000000000001,161.7,0
추어탕,700.0,338.66700000000003,24.416,1.806,11.508000000000001,37.366,1598.499,975.8980000000001,2077.1520000000005,906.871,-,24.703,6.797,298.48,0
해물탕,600.0,272.26199999999994,19.584000000000003,1.548,3.3839999999999995,41.742,233.74200000000002,554.8800000000001,2071.986,1218.5399999999997,-,8.021999999999998,7.883999999999998,350.22,0
닭개장,700.0,317.07039999999995,19.182799999999997,0.0,14.946399999999999,33.741600000000005,87.84920000000001,388.1848,1786.0336,1057.8692,-,5.372,4.732799999999999,96.89999999999999,0
육개장,440.0,137.8564,11.622300000000001,0.0,5.8672,13.438699999999999,61.9039,145.83829999999998,1112.7844,719.3267,-,4.1287,2.0519999999999996,24.224999999999998,0
뼈해장국,1000.0,692.93,25.420000000000005,0.0,37.16,67.92,564.57,609.13,3192.46,1299.0700000000002,-,33.510000000000005,13.37,634.2,0
미역오이냉국,450.0,77.34599999999999,19.7415,8.991,1.3544999999999998,5.606999999999999,214.69500000000002,209.88,1483.6005,1520.1180000000002,-,2.7720000000000002,1.224,0.0,0
고등어찌개,600.0,605.3099999999998,32.034000000000006,0.0,28.2,59.16000000000001,185.01,768.3,2599.7100000000005,2013.0600000000004,-,8.447999999999999,4.23,206.64,0
꽁치찌개,300.0,356.63399999999996,14.478000000000002,0.7224,20.685000000000006,29.511000000000006,111.69000000000001,388.584,1296.3300000000002,705.6659999999999,-,4.2540000000000004,1.8209999999999997,84.48,0
동태찌개,800.0,369.68800000000005,18.943999999999996,1.3760000000000001,7.800000000000001,59.56799999999999,262.752,789.144,2487.544,1573.096,-,4.744000000000001,2.3920000000000003,292.656,0
부대찌개,600.0,525.984,46.806,0.0,28.482,27.714,140.64600000000002,344.38800000000003,2689.188,880.56,-,4.05,3.906,42.96000000000001,0
된장찌개,400.0,147.064,15.976,0.0,5.267999999999999,11.708,112.692,194.76400000000004,2021.7800000000002,429.752,-,1.932,1.616,0.0,0
청국장찌개,400.0,275.464,14.968,0.0,14.432,25.844,180.64000000000001,423.4839999999999,1839.752,947.1200000000001,-,4.9399999999999995,4.3839999999999995,36.0,0
두부전골,500.0,315.11,16.195,0.8600000000000001,19.150000000000002,29.145,365.9100000000001,441.1,1651.525,807.05,-,6.0649999999999995,3.3449999999999998,0.0,0
곱창전골,600.0,532.65,26.886,0.0,34.728,38.34600000000001,331.71,536.7600000000001,1750.422,1145.1299999999999,-,8.7,5.2860000000000005,230.70000000000002,0
소고기전골,300.0,203.223,16.548000000000002,0.0,7.542,19.467000000000002,117.79800000000003,242.391,1090.149,690.6659999999999,-,4.065,5.312999999999997,31.799999999999997,0
국수전골,400.0,643.1600000000001,66.928,3.996,22.387999999999998,45.291999999999994,81.60000000000001,392.16,1524.6279999999997,1539.3000000000002,-,10.98,5.104000000000001,81.6,0
돼지고기김치찌개,400.0,246.28799999999998,9.328,0.0,18.256,15.5,136.71200000000002,235.52800000000002,1961.476,725.9400000000002,-,2.4800000000000004,2.136,25.3,0
버섯찌개,400.0,171.85999999999999,15.259999999999998,0.0,7.524,16.644,165.60000000000002,283.02,1267.812,735.9599999999999,-,3.9520000000000004,2.3840000000000003,0.0,0
참치김치찌개,400.0,193.57600000000002,13.331999999999995,0.0,10.887999999999998,16.855999999999998,200.5,283.596,2604.4519999999998,795.1199999999999,-,4.384,1.7200000000000004,35.44,0
순두부찌개,400.0,198.46800000000002,8.78,0.0,14.032,14.716000000000001,135.172,218.60399999999996,1331.3120000000001,547.852,-,2.808,1.5560000000000003,6.6,0
콩비지찌개,400.0,248.664,24.516000000000002,0.0,12.807999999999998,15.964,136.41199999999998,146.024,1206.328,496.65200000000004,-,5.051999999999999,1.8920000000000003,27.06,0
햄김치찌개,300.0,190.4662,15.4367,0.0,10.6807,11.626099999999997,116.5307,220.2405,1527.8156999999999,482.9312,-,2.1402,1.6442999999999999,23.374000000000002,0
호박찌개,300.0,98.30099999999999,12.735000000000001,2.064,2.3369999999999997,7.779000000000001,194.835,234.98999999999998,1028.145,652.005,-,3.2760000000000002,0.912,59.28,0
고추장찌개,500.0,263.4432,20.083199999999998,0.0,12.345599999999997,25.617599999999996,498.0096,494.09280000000007,935.1456000000001,863.4048,-,5.9472,3.2112,48.1536,0
대구찜,500.0,372.67999999999995,26.424999999999997,0.0,8.43,54.08000000000001,223.85,660.7499999999999,1888.04,1899.74,-,4.99,2.829999999999999,196.35000000000002,0
도미찜,100.0,126.312,0.756,0.0,3.684,21.006,41.55,274.14,882.04,420.22,3.24,1.098,0.794,191.25,0
문어숙회,80.0,67.488,0.1824,0.0,0.7296,14.136000000000003,28.320000000000004,171.45600000000002,222.83200000000002,273.752,-,0.9119999999999999,1.4592,116.73599999999999,0
아귀찜,400.0,310.69599999999997,17.588,0.0,6.676000000000001,48.848,161.73200000000006,619.1599999999997,1463.3119999999997,1467.528,-,11.42,3.7520000000000007,187.42,0
조기찜,100.0,185.252,1.813,0.34079999999999994,9.195,22.271,45.626,214.85,631.892,471.25,0.73,1.191,1.009,105.74,0
참꼬막,80.0,89.76720000000002,4.920799999999999,1.5984,2.1712000000000002,12.983200000000004,101.70000000000002,212.1496,400.228,329.7464,-,6.128000000000001,2.1712000000000002,46.992000000000004,0
해물찜,500.0,397.37499999999994,36.02,0.0,8.935,50.275000000000006,264.58500000000004,657.525,2213.4350000000004,1440.4099999999999,-,16.39,5.535,323.975,0
소갈비찜,250.0,500.4525,11.310000000000002,0.0,29.165,42.545,22.990000000000002,385.48749999999995,768.4225000000001,749.0875000000001,-,3.6525,9.2125,141.825,0
돼지갈비찜,170.1,249.69900000000004,8.82,1.7639999999999998,14.418000000000001,20.564999999999998,30.945000000000004,243.75000000000003,946.677,391.56600000000003,-,1.104,2.688,70.38,0
돼지고기수육,300.0,1218.1855999999998,8.694199999999999,0.0,99.51639999999998,61.4684,66.9001,483.604,389.5309,769.5208000000001,-,3.6540000000000004,8.6217,191.4,0
찜닭,1500.0,1358.384,140.6418,57.524,36.543800000000005,114.90200000000002,232.943,703.3550000000001,5290.091,2290.156,-,9.752799999999999,7.533599999999999,341.64,0
족발,150.0,381.5719999999999,32.300000000000004,0.0,16.62,26.019999999999996,38.288000000000004,165.47200000000004,839.1449,338.5439999999999,-,2.688,1.576,98.0,0
달걀찜,250.0,190.0,4.8075,0.0,10.912500000000003,16.202499999999997,89.2525,230.175,860.3175,229.56750000000002,-,2.0725,1.8074999999999999,634.57,0
닭갈비,300.0,562.104,24.543,3.513,28.887,52.29599999999999,99.26100000000002,502.197,975.549,1087.6830000000002,-,4.17,5.676,224.10000000000002,0
닭꼬치,70.0,177.50529999999998,12.8982,8.582699999999999,7.895999999999999,12.348700000000001,8.7465,106.79759999999997,287.26109999999994,169.4098,-,0.7468999999999999,1.2718999999999998,47.599999999999994,0
돼지갈비,100.0,248.52420000000004,7.6005,5.0112000000000005,14.7006,19.947599999999998,19.7316,218.997,344.8854,281.2194,-,0.6867000000000001,2.5865999999999993,72.036,0
떡갈비,250.0,762.9875,26.6075,12.4875,51.575,43.085,26.175,411.7625,838.8375,915.6750000000001,-,3.257500000000001,8.657499999999999,157.5,0
불고기,150.0,386.7908,13.054800000000002,1.0956000000000001,21.78,32.9032,62.315,298.9822,632.5353999999998,887.3325999999998,-,4.2328,8.399600000000001,106.21600000000001,0
소곱창구이,150.0,639.1095,6.507,0.0,51.708,35.616,87.1575,404.77049999999997,332.71799999999996,566.4315,-,8.8215,4.9245,652.5,0
소양념갈비구이,300.0,986.9166,27.74475,14.3075,66.4753,61.97065000000001,79.57035,595.7554499999999,1272.3438500000002,1325.37305,-,5.566650000000001,12.325099999999999,220.95500000000004,0
소불고기,200.0,174.73349999999994,19.6327,9.490499999999999,4.6797,14.223399999999998,63.1693,157.7304,828.1510999999998,547.409,-,3.8018999999999994,1.6225999999999998,27.929999999999996,0
양념왕갈비,150.0,485.5065000000001,15.036,8.352,33.706500000000005,29.332500000000003,44.4165,335.2995,533.1929999999999,451.08450000000005,-,1.3065000000000002,3.8955,103.5,0
햄버거스테이크,200.0,436.75200000000007,21.35,0.0,28.052,24.924,60.60199999999999,258.454,920.262,786.996,-,2.878,4.688000000000001,75.78,0
훈제오리,250.0,789.9625,11.8275,6.245000000000001,64.6525,38.1575,42.2625,456.725,1216.9750000000001,694.0375,-,4.4975000000000005,3.4575,200.25,0
치킨데리야끼,340.0,692.5248,50.72960000000001,3.6409599999999998,32.192,47.340799999999994,66.1344,501.21600000000007,865.9775999999999,785.0432,-,3.5936,6.0672,171.2512,0
치킨윙,100.0,219.419,9.965,2.4462,14.23,11.405,11.706,72.625,351.394,113.24,1.745,0.995,0.774,66.0,0
더덕구이,100.0,183.74,31.78,10.8475,5.621,5.802,37.64,151.08,745.78,326.3,3.3,2.809,0.369,0.0,0
양배추구이,100.0,60.933,7.621,0.8420000000000001,2.651,2.711,32.208,45.841,242.337,235.389,16.3,0.723,0.583,5.5,0
두부구이,100.0,90.671,1.527,0.0,6.267,9.411,127.722,142.359,164.39,97.264,0.4,1.544,1.018,0.0,0
삼치구이,200.0,355.7061000000001,8.475299999999999,0.0,18.008999999999997,37.827000000000005,103.74210000000001,456.84270000000004,797.7096000000003,909.3168000000001,-,2.7432000000000003,2.2167,156.87,0
가자미전,150.0,220.464,6.684,0.0,7.123499999999999,29.9715,59.5965,279.4755,814.374,495.97950000000003,-,1.2930000000000001,0.909,226.875,0
굴전,100.0,192.81,13.922,0.0,9.067,12.563,95.58,200.07,331.021,254.425,23.81,3.302,10.214,123.0,0
동태전,150.0,265.2507,11.47718,0.0,16.14041,19.866989999999998,61.9905,256.2131,672.9765899999999,379.05724999999995,-,0.77935,0.6349199999999999,134.563,0
해물파전,150.0,267.23120000000006,27.676160000000003,0.0,12.56736,12.9352,111.79600000000002,186.88400000000001,356.42632000000003,530.4875999999999,-,6.868880000000001,1.3558400000000002,96.8392,0
동그랑땡,150.0,312.4125,14.705999999999998,0.0,18.723000000000006,19.674,74.16000000000001,221.8875,579.8100000000001,373.68749999999994,-,1.9965,2.1,184.275,0
햄부침,100.0,232.598,9.733,0.0,15.481,13.067,7.383,249.971,774.678,191.619,2.35,0.724,0.885,52.15,0
육전,100.0,197.098,6.724,0.299,9.514,19.582,13.139,173.222,248.684,338.324,3.4,1.964,3.561,91.5,0
감자전,200.0,366.15850000000006,53.811800000000005,0.0,13.613499999999998,9.6691,15.199999999999998,192.31799999999998,456.5301,1343.6514999999997,-,1.9456,1.4895999999999998,0.0,0
고추전,150.0,261.44250000000005,17.7765,0.747,14.8605,13.937999999999999,31.387499999999996,161.88,359.8845,415.81499999999994,-,1.8255000000000001,2.295,160.65,0
김치전,150.0,285.72799999999995,32.0688,0.0,12.4784,13.172799999999999,83.952,214.22400000000002,785.6,529.6,-,2.4656000000000002,1.9344000000000006,136.0,0
깻잎전,150.0,357.62250000000006,16.6515,0.747,24.6405,18.297,107.6925,199.82999999999998,464.9355,503.925,-,2.7420000000000004,3.1635000000000004,171.375,0
녹두빈대떡,100.0,200.71,18.637,0.0,8.321,9.956,39.67,161.97,246.031,391.525,15.1,1.687,1.024,13.75,0
미나리전,150.0,215.8635,30.096,0.0,8.632499999999999,6.087000000000001,39.09,103.04249999999999,235.647,598.8075,-,3.237,0.645,28.5,0
배추전,150.0,241.008,32.51200000000001,0.0,10.494400000000002,6.409600000000001,95.90400000000001,104.304,355.976,618.44,-,1.7616000000000003,1.2127999999999999,30.400000000000002,0
버섯전,150.0,239.68349999999995,18.6075,0.747,12.93,11.934,38.043000000000006,132.54000000000002,307.923,291.021,-,2.5424999999999995,1.4895000000000003,126.075,0
부추전,150.0,241.182,32.0115,0.0,9.5025,7.141500000000001,30.764999999999997,68.11500000000001,255.1605,405.6569999999999,-,2.4614999999999996,0.5175,7.125,0
야채전,100.0,194.94,24.971,0.0,8.78,4.946,31.17,77.6,322.923,436.235,20.51,1.301,0.624,23.75,0
파전,150.0,280.548,37.455,0.0,12.0375,7.726500000000001,87.59999999999998,118.32,337.998,481.7699999999999,-,1.9065000000000003,0.8999999999999999,57.0,0
호박부침개,100.0,130.722,8.671,0.0,9.235,3.37,13.6,40.5,172.027,192.718,3.81,0.624,0.304,61.75,0
호박전,150.0,215.283,16.557,0.0,14.4195,6.589500000000001,48.644999999999996,95.985,274.63050000000004,669.087,-,1.6530000000000002,0.858,106.875,0
달걀말이,100.0,172.238,4.668,0.0,11.232,12.044,49.643,169.301,323.323,200.884,13.2,1.57,1.385,475.0,0
두부부침,100.0,134.88,4.288,0.0,8.755,9.922,131.042,150.136,199.833,119.91,1.46,1.644,1.07,0.0,0
두부전,150.0,253.89,8.078,0.0,18.025,18.655,227.92000000000002,274.74999999999994,500.528,186.62,-,2.9218,1.9684,66.5,0
건새우볶음,20.0,69.1858,4.813,2.70256,2.2963999999999998,7.221800000000002,259.68199999999996,143.34,193.088,105.6144,-,0.6216000000000002,0.9281999999999999,74.4,0
낙지볶음,200.0,180.59000000000003,23.512,6.7,3.0,17.866000000000003,86.24,255.65999999999997,868.8839999999999,763.1400000000001,-,2.5000000000000004,3.023999999999999,135.2,0
멸치볶음,20.0,69.225,5.693,3.4330800000000004,2.0423999999999998,6.9704000000000015,138.086,157.858,274.09599999999995,204.094,-,0.9286000000000001,0.2764,83.55000000000001,0
어묵볶음,150.0,281.5425,36.279,4.473000000000001,8.083499999999997,18.037499999999994,120.59250000000002,167.68500000000003,1283.8274999999999,459.18,-,2.3235,1.3245000000000002,18.9,0
오징어볶음,200.0,243.69600000000003,27.42,9.280000000000001,6.842,20.43199999999999,94.336,294.84,1025.86,822.236,-,2.878,2.477999999999999,198.0,0
오징어채볶음,20.0,55.7136,7.004600000000001,1.3477000000000001,0.6852,5.394000000000001,6.232,64.818,240.964,50.886,-,0.28400000000000003,0.4128,50.050000000000004,0
주꾸미볶음,200.0,211.81,21.692,6.7,6.11,20.156000000000002,88.04,278.05999999999995,969.8839999999999,699.0400000000001,-,3.670000000000001,3.3199999999999985,385.6,0
해물볶음,400.0,420.52700000000004,36.5332,7.657,15.3178,37.483200000000004,148.97899999999996,522.0060000000001,1647.0188000000003,1158.8480000000002,-,14.839000000000002,4.2294,376.2,0
감자볶음,50.0,57.80300000000001,8.23,0.498,2.5335000000000005,1.3435,10.63,33.282,219.935,254.6145,-,0.3925,0.3005,0.0,0
김치볶음,200.0,189.97000000000003,21.828000000000003,8.964,12.133999999999999,5.288,116.21000000000001,150.16,1513.4099999999996,766.9799999999999,-,2.12,1.272,0.0,0
깻잎나물볶음,200.0,212.392,17.328,0.2,16.372,8.032,670.52,172.55,1046.426,933.812,-,5.578,1.402,5.2,0
느타리버섯볶음,150.0,133.3185,14.216999999999999,0.15000000000000002,8.925,4.406999999999999,21.586500000000004,98.736,625.2510000000001,530.394,-,1.1280000000000001,1.551,0.0,0
두부김치,250.0,292.42,13.84,0.0,21.315,19.147499999999997,153.45,311.65,1033.8500000000001,740.55,-,4.380000000000001,3.135,30.0,0
머위나물볶음,150.0,102.993,7.705500000000002,0.0,7.952999999999999,4.3035,101.085,94.6125,696.9149999999998,529.5374999999999,-,2.5605000000000007,0.44250000000000006,0.0,0
양송이버섯볶음,150.0,132.4215,10.554,0.0,9.790500000000002,5.457000000000001,33.0165,161.60999999999999,520.1145,856.3845,-,2.5110000000000006,1.296,0.0,0
표고버섯볶음,150.0,143.59499999999997,14.278500000000001,1.494,7.356000000000001,4.0095,31.77,67.155,563.5904999999999,512.8575000000001,-,2.427,0.849,0.0,0
고추잡채,200.0,264.218,22.106,8.4462,12.706,12.862000000000002,54.824000000000005,219.03799999999998,850.3079999999999,561.5600000000001,-,2.828,2.152,50.8,0
호박볶음,50.0,29.185000000000002,3.094,0.0,2.0060000000000002,0.7705000000000001,10.374500000000001,20.393500000000003,223.2785,135.054,-,0.37450000000000006,0.16899999999999998,0.0695,0
돼지고기볶음,200.0,353.132,15.33,4.75,20.936000000000003,25.746,32.862,402.25399999999996,1060.3319999999999,457.94599999999997,-,3.9399999999999995,4.537999999999999,84.0,0
돼지껍데기볶음,150.0,346.14450000000005,22.7265,15.843000000000002,19.228500000000004,22.3905,29.844,72.07799999999999,759.294,267.0645,-,2.2769999999999997,1.2405,95.4,0
소세지볶음,200.0,476.04028999999997,28.805249999999997,5.830144,33.24425,17.03997,27.45618,260.35121000000004,1409.04861,495.9578899999999,-,2.4954899999999993,2.2156399999999996,56.259499999999996,0
순대볶음,400.0,579.5559000000001,70.95935,14.2912,25.6102,17.58295,271.53665,265.91565,1379.5474000000002,1048.02005,-,8.1004,4.43135,189.9205,0
오리불고기,250.0,559.93155,24.47235,4.0748999999999995,34.2465,38.16075,66.06029999999998,420.20685,854.0740499999999,1004.8606500000002,-,5.80125,4.8399,124.8225,0
오삼불고기,200.0,356.93600000000004,21.461999999999996,7.4239999999999995,20.238,23.348,77.91600000000001,307.85,870.4,634.996,-,2.206,2.782,164.3,0
떡볶이,200.0,300.76000000000005,58.85399999999999,5.704,2.96,8.718,72.03,179.37,862.2299999999998,251.44000000000005,-,1.5700000000000003,1.106,6.0,0
라볶이,200.0,266.0299999999999,41.13399999999999,6.356000000000001,9.588,7.959999999999999,43.56199999999999,93.546,836.2379999999999,276.67999999999995,-,1.726,0.5880000000000001,6.9,0
마파두부,200.0,226.91509999999997,10.985800000000001,0.5680999999999999,12.013699999999995,16.852999999999994,153.42879999999994,257.26949999999994,647.4516000000002,332.8401,-,3.0779999999999994,2.2704999999999997,19.151999999999997,0
가자미조림,300.0,301.29,20.337,5.994,6.9030000000000005,40.701,114.12,417.78,1621.2300000000002,1153.3799999999999,-,3.2880000000000003,1.5630000000000002,165.0,0
갈치조림,100.0,99.385,5.494,0.5,3.916,10.675,38.665,129.74,463.82,302.985,6.18,1.154,0.603,42.0,0
고등어조림,250.0,459.3349999999999,10.960000000000003,1.4600000000000002,25.350000000000005,45.37249999999999,124.9575,554.4775000000001,1177.955,1033.4125000000004,-,5.1850000000000005,2.6774999999999993,170.15,0
꽁치조림,150.0,280.08820000000003,8.357999999999999,1.3943999999999999,16.6656,22.593200000000003,113.62259999999998,294.58099999999996,679.4171999999999,448.77,-,3.3432,1.1437999999999997,67.19999999999999,0
동태조림,250.0,270.6125,16.77,4.995,4.0925,39.032500000000006,148.7625,525.6875,1440.1749999999997,982.825,-,2.06,1.4125,211.05,0
북어조림,100.0,184.581,15.656,2.9064,3.035,23.884,97.103,246.45,761.39,487.86,8.05,1.805,0.551,103.95,0
조기조림,300.0,378.2615,14.2419,1.45,16.263199999999998,41.4294,108.47449999999999,443.38100000000003,1682.8989999999994,1222.7415,-,3.7468,2.4302,176.60999999999999,0
코다리조림,100.0,146.67,4.574,0.5,5.616,18.458,42.41,197.965,433.18,324.835,3.85,0.853,0.509,77.6,0
달걀장조림,100.0,133.725,10.032,3.1713,6.395,8.751,45.515,132.58,636.605,267.37,15.6,1.35,1.068,308.75,0
메추리알장조림,100.0,205.08,7.358,2.4522,13.691,12.107,65.222,190.659,758.9,279.19,4.75,1.933,1.719,530.64,0
돼지고기메추리알장조림,50.0,62.969,3.14,0.83765,2.1065,7.6160000000000005,11.295000000000002,78.70500000000001,555.7849999999999,153.47,-,0.7335,0.86,77.3,0
소고기메추리알장조림,50.0,61.21500000000001,3.446,0.999,2.211,6.672000000000001,17.18,77.91,608.295,169.545,-,1.7794999999999999,0.8594999999999999,70.17,0
고추조림,100.0,105.878,14.827,2.988,4.185,2.856,31.719,52.221,802.456,185.443,18.67,0.894,0.441,0.0,0
감자조림,50.0,39.013,8.4025,0.7854,0.203,1.552,9.763000000000002,35.95,265.9155,222.5195,-,0.41,0.253,0.0,0
우엉조림,30.0,68.49600000000001,15.505199999999999,7.61112,0.3285,1.0971000000000002,15.621299999999998,24.2187,242.28060000000002,106.8468,-,0.32100000000000006,0.23669999999999997,0.0,0
알감자조림,50.0,56.226,10.480500000000001,1.5667499999999999,1.2635,1.3835,13.1045,40.960499999999996,241.73200000000003,214.52399999999997,-,0.8190000000000001,0.2795,0.0,0
(검은)콩조림,20.0,56.831999999999994,6.9838000000000005,2.9153400000000005,2.0858000000000003,3.8488,24.801,64.409,102.85300000000001,33.393,-,0.8756,0.312,0.0,0
콩조림,20.0,59.221999999999994,7.754599999999999,2.9153400000000005,1.9389,3.5661,14.383999999999997,9.878,234.70099999999996,128.364,-,0.8679,0.4281,0.0,0
두부고추장조림,50.0,67.1415,4.025500000000001,1.8900000000000001,3.998,5.1370000000000005,69.9085,81.637,199.2275,79.70499999999998,-,0.961,0.5765,0.0,0
땅콩조림,20.0,80.41880000000002,6.5448,3.2709,5.114800000000001,2.9102,14.626999999999999,45.435,154.246,90.94900000000001,-,0.5824,0.7150000000000001,0.0,0
미꾸라지튀김,100.0,382.13,30.57,0.0,22.541,12.687,342.025,254.085,323.256,192.595,11.2,4.4,1.643,121.3,0
새우튀김,100.0,311.256,21.828,0.0,19.643,11.827,39.881,130.657,553.887,183.428,5.95,1.079,0.909,165.9,0
생선가스,200.0,646.21125,57.3754,0.0,37.09064999999999,24.501599999999996,34.16325,303.63575,817.2735,229.94849999999997,-,1.9516,1.4308999999999998,176.29999999999998,0
쥐포튀김,100.0,353.33,37.99,0.0,16.541,11.207,26.865,127.535,423.79925000000003,145.28,13.7,1.002,0.476,75.64,0
오징어튀김,100.0,308.426,26.016,0.0,16.496,13.459,21.981,196.907,361.571,186.938,22.22,0.741,0.99,133.0,0
닭강정,100.0,323.251,24.21,1.7421000000000002,15.563,18.335,18.976,179.067,413.137,104.223,5.75,1.371,2.001,107.5,0
닭튀김,300.0,909.8053999999998,45.9186,0.0,52.342099999999995,54.546099999999996,94.74589999999999,533.1853,1150.1313,512.2792,-,5.446199999999999,6.081300000000001,380.625,0
돈가스,200.0,620.6445000000001,36.556000000000004,0.0,39.11719999999999,27.777999999999995,31.359499999999997,264.7555,557.0932999999999,685.7860000000001,-,2.2020999999999997,3.0419000000000005,138.339,0
모래집튀김,150.0,457.34499999999997,31.861199999999993,0.0,25.894399999999994,22.289399999999997,72.27499999999999,247.59,297.01,459.0222,-,1.4672,0.861,137.648,0
양념치킨,200.0,567.582,38.83999999999999,12.364,31.146,30.466,51.001999999999995,315.664,777.8560000000001,381.256,-,3.348,3.5239999999999996,259.0,0
치즈돈가스,250.0,758.496,45.48479999999999,0.0,46.1472,36.0192,72.78,344.364,855.0455999999999,569.976,-,2.5103999999999997,3.6048,146.4,0
치킨가스,200.0,582.0079999999999,51.2753,0.0,28.644399999999997,31.032699999999995,32.64769999999999,186.9923,748.7311,384.2635999999999,-,2.0254,2.0235,113.297,0
탕수육,200.0,454.4381999999999,56.488899999999994,1.8981,16.586999999999993,17.062,36.4382,194.01089999999996,403.256,468.94659999999993,-,2.1223,1.6758000000000004,76.475,0
깐풍기,200.0,585.076,43.36200000000001,13.944,33.339999999999996,27.795999999999996,41.02199999999999,184.70600000000005,629.2719999999999,523.54,-,2.7340000000000004,1.9300000000000002,173.0,0
감자튀김,150.0,462.105,50.099999999999994,0.0,25.762500000000003,6.24,10.32,95.475,374.2185,344.24250000000006,-,1.4264999999999999,0.459,0.0,0
고구마맛탕,200.0,490.92750000000007,90.1908,1.4307299999999998,13.5324,3.3033,108.33480000000002,94.46640000000002,213.3306,587.223,-,3.6098999999999997,1.1319000000000001,0.0,0
고구마튀김,100.0,241.566,34.1,0.0,10.796,3.205,20.693,73.987,150.639,298.574,18.1,0.63,0.305,19.0,0
고추튀김,100.0,198.346,12.74,0.0,13.625,6.482,23.391,99.957,260.651,147.678,12.92,0.903,0.695,190.0,0
김말이튀김,100.0,240.562,32.486,0.0,12.38,2.248,28.85,61.65,393.022,123.57,0.64,1.279,0.218,0.0,0
채소튀김,100.0,311.99,36.349,0.0,18.532,3.013,33.33,91.97,277.28,274.17,11.29,0.519,0.326,0.0,0
노각무침,150.0,81.354,16.433999999999997,5.086500000000001,2.0745,3.0854999999999997,38.8185,89.1075,822.0974999999999,573.2009999999999,-,1.6664999999999999,0.8085000000000001,0.0,0
단무지무침,50.0,19.188000000000002,3.2154999999999996,0.974,0.9105,0.4670000000000001,17.335,13.324000000000002,447.86199999999997,87.6395,-,0.37350000000000005,0.169,0.0,0
달래나물무침,150.0,132.687,25.255499999999998,13.536,3.3045000000000004,4.7715,119.646,101.45099999999998,852.993,554.058,-,2.5919999999999996,1.2014999999999998,0.0,0
더덕무침,150.0,220.89149999999998,48.4395,31.5435,2.7405,4.890000000000001,35.79750000000001,129.72,1203.5835000000002,286.30499999999995,-,2.4899999999999998,0.3135,0.0,0
도라지생채,150.0,165.225,38.590500000000006,2.997,1.71,4.146,75.06,151.506,789.078,725.8575000000003,-,6.404999999999999,0.396,0.0,0
도토리묵,100.0,43.046,9.87,1.399,0.346,0.398,8.817,28.491,116.473,41.835,1.205,0.462,0.12,0.0,0
마늘쫑무침,30.0,38.1177,9.3513,3.2781000000000002,0.2799,0.9843,9.231599999999998,23.685299999999998,423.4554,95.6103,-,0.3405000000000001,0.3774,0.0,0
무생채,150.0,73.68,16.0035,4.4955,1.2795,2.634,73.92,69.6,832.188,478.515,-,1.779,0.7785,1.6800000000000002,0
무말랭이,30.0,39.889500000000005,9.632399999999999,1.0326,0.3426,1.3628999999999996,35.8197,35.2542,378.77639999999997,252.6768,-,0.9516,0.1752,0.0402,0
오이생채,50.0,23.3555,4.6255,1.5150000000000001,0.496,0.885,14.8245,33.46000000000001,269.314,147.1285,-,0.4445,0.20450000000000002,0.0,0
파무침,150.0,124.29599999999998,19.474500000000003,8.367,5.406,3.8175,146.019,81.48,693.834,377.29799999999994,-,2.388,0.41250000000000003,10.05,0
상추겉절이,200.0,130.61999999999998,17.988,1.998,6.246,5.648000000000001,136.84,146.78000000000003,952.32,850.5399999999998,-,3.272,1.1780000000000002,5.36,0
쑥갓나물무침,150.0,94.85699999999999,8.784,0.0,6.5055,5.485499999999999,69.17249999999999,87.66600000000001,700.1205,453.7484999999999,-,2.8695000000000004,0.44249999999999995,0.0,0
청포묵무침,250.0,157.60999999999999,19.675,13.7375,4.225,2.955,67.0375,99.4375,756.74,334.02500000000003,-,1.9375,0.7424999999999999,2.3499999999999996,0
해파리냉채,150.0,87.285,13.827,7.4925,1.5450000000000004,6.631500000000001,69.36,220.36499999999998,490.12799999999993,360.6,-,5.346,0.9840000000000001,17.625,0
가지나물,50.0,21.873,3.0310000000000006,0.0,1.2719999999999998,0.7320000000000001,11.318000000000001,20.291,159.1745,125.28699999999999,-,0.33499999999999996,0.14350000000000002,0.0,0
고사리나물,50.0,43.508,3.799,0.0,3.2625,1.9655,20.348,32.94,251.53,302.39,-,1.8109999999999997,0.9374999999999999,0.0,0
도라지나물,50.0,54.675,5.335,0.0,3.819,0.6695000000000001,15.100000000000001,24.055,256.66749999999996,104.96749999999999,-,0.9145,0.08,0.0,0
무나물,50.0,34.575,3.042,0.0,2.563,0.5755,18.045,16.53,293.5195,143.4275,-,0.464,0.203,0.0,0
미나리나물,50.0,28.3435,2.5595000000000003,0.0,2.138,0.9899999999999999,18.45,28.824500000000004,165.524,239.042,-,1.1564999999999999,0.19350000000000003,0.0,0
숙주나물,50.0,19.509,1.559,0.0,1.347,1.312,10.110000000000001,20.866,186.733,85.4735,-,0.37650000000000006,0.18950000000000003,0.0,0
시금치나물,50.0,37.511,3.815,0.0,2.3685,2.069,37.585,24.549,217.2565,311.26149999999996,-,1.765,0.40349999999999997,0.0,0
취나물,50.0,72.944,3.4555,0.0,6.714499999999999,1.5965,58.384,30.072499999999998,288.6495,222.9795,-,1.091,0.0295,0.0,0
콩나물,50.0,24.129,1.1449999999999998,0.0,1.9789999999999999,1.6395,12.780000000000001,21.6145,203.4965,78.36399999999999,-,0.4315,0.2285,0.0,0
고구마줄기나물,50.0,30.439,2.9685,0.0,2.2385,0.6285000000000001,28.194000000000003,19.651500000000002,255.7095,73.7735,-,0.9104999999999999,0.17950000000000002,0.0,0
우거지나물무침,150.0,126.114,10.282500000000002,1.4985,8.661000000000001,5.076,512.9985,108.6885,774.5475,94.1145,-,21.903,0.4455,0.0,0
골뱅이무침,100.0,107.348,15.558,6.0600000000000005,2.298,7.905,40.48,89.79,515.92,346.35,4.94,1.441,0.875,45.56,0
김무침,30.0,81.0114,12.188099999999999,6.932099999999999,4.1247,4.7094,45.435,95.124,498.6338999999998,413.5659,-,2.1609,0.5748,0.0,0
미역초무침,50.0,24.936,5.698500000000001,3.996,0.5399999999999999,1.0715000000000001,47.268,28.82,285.8,236.752,-,0.403,0.118,0.0,0
북어채무침,150.0,332.052,31.332,18.02458,5.802999999999998,37.365999999999985,245.105,744.8420000000001,1048.5300000000004,782.6419999999998,-,2.576,0.8861999999999999,108.57,0
회무침,300.0,311.58720000000005,42.879200000000004,26.412000000000003,4.2562999999999995,27.177700000000005,200.09570000000002,314.5105,1253.2525,955.8385000000001,-,4.377200000000001,1.6802000000000004,61.38,0
쥐치채,20.0,53.387,10.177200000000001,6.6036,0.19800000000000004,2.7684,14.289,31.711000000000006,289.4502,78.51100000000001,-,0.29900000000000004,0.1222,5.928000000000001,0
파래무침,30.0,31.585499999999996,5.429100000000001,0.8990999999999999,0.6897,2.3396999999999997,64.5375,19.039500000000004,252.04500000000002,74.49299999999998,-,1.7079,0.147,0.0,0
홍어무침,200.0,193.13799999999998,24.898,9.434,2.274,21.640000000000004,337.432,320.55,817.424,842.6600000000001,-,3.4739999999999993,1.26,79.2,0
골뱅이국수무침,230.0,256.41630000000004,39.6333,0.0,7.014600000000001,10.524600000000003,97.57529999999998,151.3782,911.7441000000001,492.57719999999995,-,2.8430999999999997,1.2285000000000001,39.9789,0
오징어무침,200.0,249.525,13.5522,0.0,4.1904,38.66760000000001,78.57900000000001,556.6410000000001,682.389,660.1410000000001,-,1.8594,3.4038,430.92,0
잡채,150.0,198.82349999999997,37.47449999999999,2.988,4.7010000000000005,2.5935,50.13300000000001,53.9415,664.7505,294.12000000000006,-,2.9069999999999996,0.4830000000000001,14.25,0
탕평채,100.0,101.194,10.196,6.993,3.113,3.529,38.802,89.96,247.419,269.971,6.26,1.234,0.821,4.95,0
갓김치,50.0,27.635500000000004,5.211500000000001,0.4235,0.7015,1.9825,83.18849999999999,30.591500000000007,447.77400000000006,222.8085,-,1.3185,0.4815,3.507,0
고들빼기,50.0,55.3875,11.994,0.0,0.5640000000000001,2.206,37.381499999999996,44.5875,733.749,177.8415,-,1.8045000000000002,0.373,0.545,0
깍두기,50.0,17.988000000000003,3.9449999999999994,0.05,0.22699999999999998,0.9974999999999998,19.159,15.328000000000001,338.876,148.04599999999996,-,0.5565,0.14400000000000002,4.065,0
깻잎김치,150.0,124.49250000000002,23.2665,2.988,3.1605,6.096,131.9925,93.45,1907.6415000000004,752.0925000000001,-,3.0090000000000003,1.269,29.661,0
나박김치,100.0,14.746,2.255,0.01,0.42,0.63,12.544,11.618,509.472,77.831,0.026,0.357,0.077,0.0,0
동치미,400.0,57.69199999999999,14.26,0.0,0.64,2.696,43.01999999999999,47.367999999999995,2313.584,438.216,-,1.3880000000000001,0.29200000000000004,0.0,0
배추겉절이,50.0,21.239,4.484499999999999,0.996,0.503,0.9405000000000001,21.8445,23.138,325.406,182.35949999999997,-,0.47600000000000003,0.31,1.34,0
배추김치,50.0,18.4315,4.154999999999999,0.498,0.2975,1.145,35.845,24.238500000000002,309.5255,207.13549999999998,-,0.6340000000000001,0.32200000000000006,3.4065000000000003,0
백김치,50.0,19.803500000000003,4.3755,0.0,0.2645,0.798,22.878,18.188499999999998,211.718,153.41549999999998,-,0.43200000000000005,0.24400000000000002,0.0415,0
부추김치,50.0,32.9105,6.2875,3.486,0.5694999999999999,1.875,13.927500000000002,15.225000000000001,399.378,228.6625,-,1.2785,0.189,0.0,0
열무김치,50.0,16.285000000000004,3.1555,1.195,0.34850000000000003,1.3430000000000002,64.553,28.5715,308.349,411.84499999999997,-,1.3914999999999997,0.131,0.0,0
열무얼갈이김치,50.0,16.57,3.0254999999999996,0.0,0.40349999999999997,1.2690000000000001,47.906000000000006,33.169999999999995,344.2010000000001,176.996,-,0.8399999999999999,0.20500000000000004,4.198,0
오이소박이,50.0,16.6675,2.9565,1.195,0.532,0.9424999999999998,22.3365,39.574,276.19350000000003,184.8785,-,0.5355,0.1935,1.452,0
총각김치,50.0,17.564500000000002,3.436000000000001,0.0,0.369,1.03,50.192000000000014,25.629999999999995,347.17049999999995,168.107,-,0.8809999999999999,0.192,4.433999999999999,0
파김치,50.0,28.005000000000003,5.4719999999999995,0.996,0.702,1.5545,46.634,20.359,395.8649999999999,179.119,-,0.8200000000000002,0.337,4.69,0
간장게장,250.0,292.7025,13.884999999999998,0.17024999999999998,2.0875,32.665,267.1175,458.4275,3075.5325,1137.6924999999997,-,7.550000000000001,8.41,223.125,0
마늘쫑장아찌,50.0,28.2695,6.1875,2.3475,0.13,1.045,8.390500000000001,23.65,778.6005,105.688,-,0.33,0.34099999999999997,0.0,0
고추장아찌,30.0,22.356,4.1814,2.997,0.0882,0.8034000000000001,4.752,16.661999999999995,787.299,83.334,-,0.21840000000000004,0.14370000000000002,0.0,0
깻잎장아찌,30.0,33.6351,7.872299999999999,2.7816899999999998,0.3575999999999999,2.1138,84.1689,40.456500000000005,568.7526000000001,220.78740000000002,-,1.0065,0.4329,0.6269999999999999,0
마늘장아찌,30.0,16.0554,3.0663,0.29969999999999997,0.020399999999999998,0.7872,1.7420999999999998,14.796899999999999,481.749,64.2693,-,0.1221,0.1293,0.0,0
무장아찌,30.0,27.337200000000003,5.31465,3.2967000000000004,0.26070000000000004,0.5669400000000001,15.62154,15.057900000000002,933.28224,106.01844000000001,-,0.32076000000000005,0.15213000000000002,0.0,0
양념게장,200.0,275.55400000000003,46.330000000000005,26.520000000000003,2.0580000000000003,20.41,165.87199999999999,283.47,1747.8440000000003,792.52,-,5.252,5.227999999999999,134.4,0
양파장아찌,50.0,19.715,3.5385,1.4985,0.05,0.577,5.05,13.405000000000001,423.605,63.33500000000001,-,0.179,0.127,0.0,0
오이지,50.0,11.44,2.392,0.0,0.312,1.144,30.220000000000002,80.08,925.9975000000001,328.1925,-,0.6295,0.315,0.0,0
무피클,50.0,17.0,4.192,1.992,0.052000000000000005,0.404,13.08,11.56,6.6,108.32,-,0.35200000000000004,0.1515,0.0,0
오이피클,50.0,54.0,14.642,1.992,0.152,0.304,15.08,4.06,333.6,27.32,-,0.502,0.051500000000000004,0.0,0
단무지,30.0,3.9042000000000003,0.6640999999999999,0.2299,0.1632,0.11290000000000001,5.196300000000001,3.536,173.55040000000002,16.0789,-,0.09359999999999999,0.0362,0.0,0
오징어젓갈,10.0,6.826,0.29359999999999997,0.0,0.09768,1.2384,2.396,17.6,179.109,27.041,2.066,0.06596,0.1097,13.68,0
명란젓,10.0,12.0,0.27,0.0,0.30000000000000004,2.0500000000000003,2.8000000000000003,24.900000000000002,353.1,41,0,0.12,0.195,35.0,0
생연어,100.0,110.29,1.002,0.0,1.938,20.908,26.91,249.04,213.06,349.6,0.8,1.255,0.562,60.0,0
생선물회,800.0,575.0052000000001,81.4548,29.3748,14.128800000000002,36.7668,267.85080000000005,499.4724000000001,2986.2335999999996,1560.1824000000004,-,8.1732,2.8895999999999997,0.756,0
광어회 ,100.0,116.2,9.34,5.46,1.36,17.2,46.6,171.2,754.4,382,0,1.54,0.402,74.96,0
훈제연어,100.0,169.0,9.34,5.46,6.16,19.279999999999998,20.2,200,1260.8,218.8,0,0.9,0.61,141.6,0
육회,150.0,236.55599999999998,15.946499999999999,7.0425,8.049,25.032000000000004,45.811499999999995,244.28250000000003,433.42350000000005,608.349,-,3.048,4.7715,57.75,0
육사시미,150.0,203.54999999999998,6.959999999999999,4.095,6.074999999999999,29.279999999999998,30.15,252,888.03,541.8,0,7.947,3.6414,63.449999999999996,0
가래떡,100.0,205.042,45.045,0.0,0.325,3.52,2.46,77,254.681,90.528,0,0.221,0.826,0.0,0
경단,100.0,303.79,67.042,0.0,0.538,6.584,17.87,109.13,186.364,99.273,0,1.573,1.4,0.0,0
꿀떡,100.0,225.916,50.356,9.5805,0.761,3.236,7.104,71.46,251.339,83.74,0.1,0.3,0.778,0.0,0
시루떡,100.0,223.62,49.029,5.994,0.275,5.5,16.63,59.45,278.948,212.643,0,1.11,1.35,0.0,0
메밀전병,100.0,166.141,24.821,0.0,5.496,5.792,37.041,137.628,340.662,274.485,69.819,1.409,0.973,0.0,0
찰떡,100.0,216.185,44.876,5.495,1.24,5.807,15.185,83.83,236.819,151.4,9.89,1.612,1.51,0.0,0
무지개떡,100.0,218.18,48.698,6.993,0.865,4.004,26.73,89.28,277.709,115.005,0,0.476,1.015,0.0,0
백설기,100.0,218.82,48.195,11.988,0.792,4.044,10.82,78.99,296.946,96.9,4.2,0.548,0.752,0.0,0
송편,100.0,234.899,46.821,1.5163000000000002,2.698,4.17,45.979,77.16,236.545,67.894,19.97,1.132,0.574,0.0,0
수수부꾸미,100.0,258.99,46.151,2.997,5.668,5.498,6.37,95.48,270.036,162.45,0,1.051,1.33,0.0,0
수수팥떡,100.0,212.73,45.17,0.999,0.678,5.98,7.49,99.64,236.379,182.035,0,1.125,1.404,0.0,0
쑥떡,100.0,238.06,54.64,9.99,0.45,4.531,65.2,65.55,256.148,343.623,17.5,1.593,0.553,0.0,0
약식,100.0,232.213,48.882,7.992,2.27,3.827,12.885,79.74,290.644,142.123,12.105,2.533,1.304,0.159,0
인절미,100.0,214.46,42.554,0.0,1.764,6.401,15.035,117.19,337.74,232.64,11.27,1.86,1.587,0.0,0
절편,100.0,197.812,44.074,4.995,0.35,3.06,2.503,66.883,266.77,79.458,0,0.217,0.718,0.0,0
증편,100.0,198.693,44.216,15.984,0.342,2.536,6.836,52.045,259.038,61.003,0,0.234,0.564,0.0,0
찹쌀떡,100.0,264.74,62.076,13.986,0.231,3.409,15.68,71.705,226.381,86.783,7.705,1.455,1.13,0.0,0
매작과,30.0,121.47749999999999,19.062900000000003,0.0,3.5702999999999996,2.5542,3.324,26.455499999999997,31.045799999999996,42.3855,-,0.42810000000000004,0.1284,0.0,0
다식,30.0,105.16650000000001,20.8107,6.4557,1.7286,3.5462999999999996,1.4273999999999998,100.0665,3.8489999999999998,206.7144,-,0.5175000000000001,0.0411,0.0,0
약과,30.0,113.84939999999999,22.183199999999996,2.1519,1.2387,2.574,4.449,28.230000000000004,16.4598,59.421899999999994,-,0.5661,0.14310000000000003,0.0,0
유과,30.0,129.06,24.136499999999998,1.12095,3.504,0.3609,1.2084,3.5999999999999996,7.0554,0.028499999999999998,-,0.24,0.1968,0.0,0
산자,30.0,121.69849999999997,24.70195,10.632824999999999,1.1966499999999998,0.9103499999999999,2.0016499999999997,20.36125,8.012550000000001,60.9266,-,0.4053,0.27194999999999997,0.0,0
깨강정,30.0,150.29999999999998,13.62,0.0,9.87,4.5,156,125.69999999999999,24.3,67.5,0,1.38,2.13,0.0,0
